Flow ID,Source IP,Source Port,Destination IP,Destination Port,Protocol,Timestamp,Flow Duration,Total Fwd Packets,Total Backward Packets,Total Length of Fwd Packets,Total Length of Bwd Packets,Fwd Packet Length Mean,Bwd Packet Length Mean,Flow Bytes/s,Flow Packets/s,Flow IAT Mean,Flow IAT Std,Flow IAT Min,Flow IAT Max,Min Packet Length,Max Packet Length,Packet Length Mean,Packet Length Std,Fwd Packet Times,Bwd Packet Times,Fwd IATs,Bwd IATs,Bwd Packet Lengths,act_data_pkt_fwd,Subflow Fwd Bytes,Subflow Bwd Packets,Fwd IAT Min,Fwd IAT Max,Fwd IAT Mean,Fwd IAT Std,Fwd IAT Total,Fwd Packets/s,Bwd IAT Min,Bwd Packet Length Std
192.168.216.32-54553-192.168.216.153-53-17,192.168.216.32,54553,192.168.216.153,53,17,26-04-2025 00:45,14.557567119598389,3,2,276,439,92.0,219.5,49.11534970959662,0.3434639839831931,3.639391779899597,6.123992208417113,0.03940606117248535,14.245903015136719,92,224,143.0,0,"[1745608558.353953, 1745608572.639262, 1745608572.706672]","[1745608558.393359, 1745608572.91152]","[14.285309076309204, 0.06740999221801758]",[14.518161058425903],"[215, 224]",3,276,2,0.06740999221801758,14.285309076309204,7.176359534263611,7.108949542045593,14.352719068527222,0.20607839038991588,14.518161058425903,4.5
192.168.216.32-51735-20.44.10.123-443-6,192.168.216.32,51735,20.44.10.123,443,6,26-04-2025 00:45,2.8026440143585205,14,11,5152,5804,368.0,527.6363636363636,3909.165753435029,8.920148214300449,0.11677683393160503,0.1643668972682746,0.0,0.5731980800628662,54,1354,438.24,0,"[1745608558.394542, 1745608558.66264, 1745608558.663536, 1745608558.937359, 1745608559.284793, 1745608559.287568, 1745608559.290159, 1745608559.290159, 1745608559.863357, 1745608560.116013, 1745608560.1166, 1745608560.1167, 1745608560.733195, 1745608561.197186]","[1745608558.662408, 1745608558.934693, 1745608559.28452, 1745608559.284746, 1745608559.285824, 1745608559.287441, 1745608560.089324, 1745608560.115901, 1745608560.449287, 1745608561.089082, 1745608561.197085]","[0.2680981159210205, 0.0008959770202636719, 0.2738230228424072, 0.34743380546569824, 0.0027751922607421875, 0.0025908946990966797, 0.0, 0.5731980800628662, 0.2526559829711914, 0.0005869865417480469, 9.989738464355469e-05, 0.6164951324462891, 0.4639909267425537]","[0.27228498458862305, 0.3498268127441406, 0.00022602081298828125, 0.0010781288146972656, 0.0016169548034667969, 0.8018829822540283, 0.026576995849609375, 0.3333859443664551, 0.6397950649261475, 0.10800290107727051]","[66, 153, 1334, 1334, 1334, 745, 157, 519, 54, 54, 54]",14,5152,11,0.0,0.6164951324462891,0.21558800110450158,0.22379763537616063,2.8026440143585205,4.995283000008252,0.00022602081298828125,536.1321534383227
50.17.99.22-443-192.168.216.32-51686-6,50.17.99.22,443,192.168.216.32,51686,6,26-04-2025 00:45,40.003357887268066,2,2,139,108,69.5,54.0,6.174481669665363,0.09999160598648361,13.334452629089355,18.85761893849361,0.0,40.00315308570862,54,85,61.75,0,"[1745608559.637715, 1745608559.637715]","[1745608559.63792, 1745608599.641073]",[0.0],[40.00315308570862],"[54, 54]",2,139,2,0.0,0.0,0.0,0.0,0.0,0.04999580299324181,40.00315308570862,0.0
192.168.216.32-51712-13.107.246.48-443-6,192.168.216.32,51712,13.107.246.48,443,6,26-04-2025 00:45,44.9398729801178,4,5,217,345,54.25,69.0,12.505598319083786,0.20026758873977593,5.617484122514725,14.478990679822548,0.0,43.91635203361511,54,93,62.44444444444444,0,"[1745608559.879503, 1745608604.759862, 1745608604.760088, 1745608604.760596]","[1745608560.843329, 1745608604.759681, 1745608604.759681, 1745608604.759982, 1745608604.819376]","[44.880358934402466, 0.00022602081298828125, 0.0005080699920654297]","[43.91635203361511, 0.0, 0.00030112266540527344, 0.059393882751464844]","[66, 93, 78, 54, 54]",4,217,5,0.00022602081298828125,44.880358934402466,14.96036434173584,21.15663106985275,44.88109302520752,0.0890078172176782,0.0,14.939879517586478
192.168.216.32-51307-104.21.64.1-443-6,192.168.216.32,51307,104.21.64.1,443,6,26-04-2025 00:46,46.248623847961426,2,2,110,132,55.0,66.0,5.232588126201446,0.086489059937214,15.416207949320475,20.924440520267805,0.3021378517150879,45.005537033081055,55,66,60.5,0,"[1745608560.097937, 1745608606.044423]","[1745608561.038886, 1745608606.346561]",[45.94648599624634],[45.30767488479614],"[66, 66]",2,110,2,45.94648599624634,45.94648599624634,45.94648599624634,0.0,45.94648599624634,0.043244529968607,45.30767488479614,0.0
192.168.216.32-5353-224.0.0.251-5353-17,192.168.216.32,5353,224.0.0.251,5353,17,26-04-2025 00:46,0.7841100692749023,6,0,1667,0,277.8333333333333,0.0,2125.9770347567924,7.651986927738905,0.15682201385498046,0.1274017966301985,0.0007090568542480469,0.26569700241088867,93,510,277.8333333333333,0,"[1745608560.269708, 1745608560.270791, 1745608560.535293, 1745608560.80099, 1745608561.053109, 1745608561.053818]",[],"[0.0010831356048583984, 0.26450204849243164, 0.26569700241088867, 0.2521188259124756, 0.0007090568542480469]",[],[],6,1667,0,0.0007090568542480469,0.26569700241088867,0.15682201385498046,0.1274017966301985,0.7841100692749023,7.651986927738905,0.0,0.0
54.166.57.178-443-192.168.216.32-51689-6,54.166.57.178,443,192.168.216.32,51689,6,26-04-2025 00:46,0.4139120578765869,4,3,293,162,73.25,54.0,1099.2673234362842,16.911804975942832,0.06898534297943115,0.15289234042257724,0.0,0.410858154296875,54,100,65.0,0,"[1745608560.484087, 1745608560.484087, 1745608560.486987, 1745608560.897999]","[1745608560.484227, 1745608560.484608, 1745608560.487141]","[0.0, 0.0029001235961914062, 0.4110119342803955]","[0.0003809928894042969, 0.002532958984375]","[54, 54, 54]",4,293,3,0.0,0.4110119342803955,0.1379706859588623,0.19307294846413908,0.4139120578765869,9.663888557681618,0.0003809928894042969,0.0
192.168.216.32-51511-54.192.142.4-443-6,192.168.216.32,51511,54.192.142.4,443,6,26-04-2025 00:46,60.03519105911255,5,5,272,333,54.4,66.6,10.0774227470068,0.16656897102490578,6.670576784345839,14.25083210476191,0.00028204917907714844,45.002832889556885,54,93,60.5,0,"[1745608560.569296, 1745608605.930389, 1745608620.247658, 1745608620.250329, 1745608620.560372]","[1745608560.927556, 1745608606.008069, 1745608620.247376, 1745608620.249984, 1745608620.604487]","[45.361093044281006, 14.317269086837769, 0.0026710033416748047, 0.3100430965423584]","[45.08051300048828, 14.239306926727295, 0.002608060836791992, 0.35450291633605957]","[66, 66, 93, 54, 54]",5,272,5,0.0026710033416748047,45.361093044281006,14.997769057750702,18.459257726777057,59.99107623100281,0.08328448551245289,0.002608060836791992,14.249210504445502
54.166.57.178-443-192.168.216.32-51692-6,54.166.57.178,443,192.168.216.32,51692,6,26-04-2025 00:46,58.95128583908081,5,6,347,325,69.4,54.166666666666664,11.399242449678821,0.18659474247986169,5.895128583908081,13.623211204467136,0.0,45.00277090072632,54,100,61.09090909090909,0,"[1745608560.584202, 1745608560.584202, 1745608560.590086, 1745608605.910333, 1745608619.535421]","[1745608560.584349, 1745608560.590224, 1745608605.592995, 1745608619.252527, 1745608619.252618, 1745608619.535488]","[0.0, 0.005883932113647461, 45.32024693489075, 13.625087976455688]","[0.005875110626220703, 45.00277090072632, 13.659532070159912, 9.107589721679688e-05, 0.282869815826416]","[54, 54, 55, 54, 54, 54]",5,347,6,0.0,45.32024693489075,14.73780471086502,18.511863010269305,58.95121884346008,0.08481579203630076,9.107589721679688e-05,0.372677996249965
192.168.216.32-51720-13.107.246.48-443-6,192.168.216.32,51720,13.107.246.48,443,6,26-04-2025 00:46,45.19208884239197,5,6,271,399,54.2,66.5,14.825603709902285,0.24340543404317183,4.519208884239196,13.39844885969175,0.0,44.713951110839844,54,93,60.90909090909091,0,"[1745608562.973905, 1745608607.815529, 1745608607.81599, 1745608607.816779, 1745608608.115269]","[1745608563.101405, 1745608607.815356, 1745608607.815356, 1745608607.816675, 1745608607.876565, 1745608608.165994]","[44.84162402153015, 0.0004608631134033203, 0.0007889270782470703, 0.298490047454834]","[44.713951110839844, 0.0, 0.0013189315795898438, 0.059890031814575195, 0.2894289493560791]","[66, 93, 78, 54, 54, 54]",5,271,6,0.0004608631134033203,44.84162402153015,11.285340964794159,19.374110684524695,45.141363859176636,0.1106388336559872,0.0,14.739402972983676
192.168.216.32-51469-142.250.206.163-443-6,192.168.216.32,51469,142.250.206.163,443,6,26-04-2025 00:46,45.10393691062927,2,2,110,132,55.0,66.0,5.365385298394426,0.08868405451891613,15.034645636876425,21.19725062565867,0.032434940338134766,45.012080907821655,55,66,60.5,0,"[1745608572.177706, 1745608617.249208]","[1745608572.237127, 1745608617.281643]",[45.07150197029114],[45.04451584815979],"[66, 66]",2,110,2,45.07150197029114,45.07150197029114,45.07150197029114,0.0,45.07150197029114,0.044342027259458065,45.04451584815979,0.0
192.168.216.32-51742-20.52.64.201-443-6,192.168.216.32,51742,20.52.64.201,443,6,26-04-2025 00:46,1.5139760971069336,11,9,3716,5695,337.8181818181818,632.7777777777778,6216.082286889165,13.2102481923051,0.0796829524793123,0.12788886040694153,0.0,0.40859103202819824,54,2614,470.55,0,"[1745608572.912932, 1745608573.321696, 1745608573.322385, 1745608573.680141, 1745608573.901454, 1745608573.941088, 1745608573.949345, 1745608573.949345, 1745608574.219348, 1745608574.220358, 1745608574.220546]","[1745608573.321523, 1745608573.677287, 1745608573.90125, 1745608573.901574, 1745608573.947482, 1745608574.180138, 1745608574.219162, 1745608574.400883, 1745608574.426908]","[0.408764123916626, 0.0006890296936035156, 0.3577558994293213, 0.2213129997253418, 0.039633989334106445, 0.008257150650024414, 0.0, 0.2700028419494629, 0.0010099411010742188, 0.0001881122589111328]","[0.35576415061950684, 0.22396278381347656, 0.00032401084899902344, 0.045908212661743164, 0.23265600204467773, 0.03902387619018555, 0.18172097206115723, 0.026025056838989258]","[66, 153, 2614, 1334, 744, 157, 519, 54, 54]",11,3716,9,0.0,0.408764123916626,0.13076140880584716,0.15735738766695634,1.3076140880584717,7.265636505767805,0.00032401084899902344,808.9791616294063
192.168.216.32-50956-54.201.212.252-443-6,192.168.216.32,50956,54.201.212.252,443,6,26-04-2025 00:46,30.127289056777954,4,5,324,445,81.0,89.0,25.525031427512143,0.2987324874481265,3.7659111320972443,9.68102964442053,0.0,29.37606716156006,54,178,85.44444444444444,0,"[1745608574.787101, 1745608604.54446, 1745608604.544593, 1745608604.91439]","[1745608575.168393, 1745608604.914279, 1745608604.914279, 1745608604.914348, 1745608604.914348]","[29.75735902786255, 0.00013303756713867188, 0.3697969913482666]","[29.745886087417603, 0.0, 6.890296936035156e-05, 0.0]","[66, 54, 54, 93, 178]",4,324,5,0.00013303756713867188,29.75735902786255,10.042429685592651,13.941377074203782,30.127289056777954,0.13276999442138956,0.0,46.72472578838746
192.168.216.32-50964-35.164.7.74-443-6,192.168.216.32,50964,35.164.7.74,443,6,26-04-2025 00:46,30.166283130645752,5,7,435,734,87.0,104.85714285714286,38.7518739029675,0.3977951127763987,2.74238937551325,8.330790263695855,0.0,29.082363843917847,54,328,97.41666666666667,0,"[1745608575.487536, 1745608604.92097, 1745608604.92101, 1745608605.268187, 1745608605.269563]","[1745608575.838606, 1745608605.227598, 1745608605.268059, 1745608605.268059, 1745608605.268059, 1745608605.268059, 1745608605.653819]","[29.433434009552002, 4.00543212890625e-05, 0.34717702865600586, 0.0013759136199951172]","[29.388991832733154, 0.040461063385009766, 0.0, 0.0, 0.0, 0.3857600688934326]","[66, 54, 54, 93, 328, 85, 54]",5,435,7,4.00543212890625e-05,29.433434009552002,7.445506751537323,12.695523701583465,29.782027006149292,0.16574796365683278,0.0,92.27045428897529
192.168.216.32-63987-192.168.216.153-53-17,192.168.216.32,63987,192.168.216.153,53,17,26-04-2025 00:46,0.20392990112304688,2,1,170,208,85.0,208.0,1853.578106586356,14.710937353859967,0.10196495056152344,0.045639991760253906,0.05632495880126953,0.14760494232177734,85,208,126.0,0,"[1745608584.00598, 1745608584.062305]",[1745608584.20991],[0.05632495880126953],[],[208],2,170,1,0.05632495880126953,0.05632495880126953,0.05632495880126953,0.0,0.05632495880126953,9.807291569239979,0.0,0.0
192.168.216.32-51748-20.24.121.134-443-6,192.168.216.32,51748,20.24.121.134,443,6,26-04-2025 00:46,0.8930990695953369,15,13,3513,7665,234.2,589.6153846153846,12515.968698819439,31.35150506056041,0.033077743318345815,0.06365965501778355,0.0,0.22846603393554688,54,1354,399.2142857142857,0,"[1745608584.215227, 1745608584.345109, 1745608584.354316, 1745608584.499064, 1745608584.501854, 1745608584.502279, 1745608584.524373, 1745608584.752922, 1745608584.755273, 1745608584.757715, 1745608584.757859, 1745608584.765409, 1745608584.765409, 1745608584.928718, 1745608585.108326]","[1745608584.344891, 1745608584.498964, 1745608584.501734, 1745608584.501734, 1745608584.502214, 1745608584.502214, 1745608584.752839, 1745608584.757635, 1745608584.928594, 1745608584.965242, 1745608585.108127, 1745608585.108127, 1745608585.108127]","[0.1298820972442627, 0.009207010269165039, 0.14474797248840332, 0.0027899742126464844, 0.00042510032653808594, 0.022094011306762695, 0.22854900360107422, 0.002351045608520508, 0.002441883087158203, 0.00014400482177734375, 0.00755000114440918, 0.0, 0.16330909729003906, 0.17960786819458008]","[0.15407299995422363, 0.002769947052001953, 0.0, 0.0004799365997314453, 0.0, 0.2506251335144043, 0.004796028137207031, 0.1709589958190918, 0.036647796630859375, 0.1428852081298828, 0.0, 0.0]","[66, 1334, 1334, 1334, 1334, 1166, 105, 123, 92, 54, 54, 577, 92]",15,3513,13,0.0,0.22854900360107422,0.06379279068538121,0.08135501558050073,0.8930990695953369,16.795449139585934,0.0,578.098812216727
192.168.216.32-51521-52.178.17.235-443-6,192.168.216.32,51521,52.178.17.235,443,6,26-04-2025 00:46,0.22948598861694336,1,1,55,66,55.0,66.0,527.2653059528287,8.715129024013697,0.22948598861694336,0.0,0.22948598861694336,0.22948598861694336,55,66,60.5,0,[1745608589.48941],[1745608589.718896],[],[],[66],1,55,1,0.0,0.0,0.0,0.0,0.0,4.3575645120068485,0.0,0.0
192.168.216.32-50103-142.251.175.188-5228-6,192.168.216.32,50103,142.251.175.188,5228,6,26-04-2025 00:46,0.20677900314331055,1,1,55,66,55.0,66.0,585.1657961429457,9.672161919718112,0.20677900314331055,0.0,0.20677900314331055,0.20677900314331055,55,66,60.5,0,[1745608592.369528],[1745608592.576307],[],[],[66],1,55,1,0.0,0.0,0.0,0.0,0.0,4.836080959859056,0.0,0.0
192.168.216.32-57620-192.168.216.153-53-17,192.168.216.32,57620,192.168.216.153,53,17,26-04-2025 00:46,0.12244987487792969,2,1,184,213,92.0,213.0,3242.1429617283757,24.499820869483948,0.061224937438964844,0.00203704833984375,0.059187889099121094,0.0632619857788086,92,213,132.33333333333334,0,"[1745608594.616254, 1745608594.675442]",[1745608594.738704],[0.059187889099121094],[],[213],2,184,1,0.059187889099121094,0.059187889099121094,0.059187889099121094,0.0,0.059187889099121094,16.333213912989297,0.0,0.0
192.168.216.32-51752-51.132.193.104-443-6,192.168.216.32,51752,51.132.193.104,443,6,26-04-2025 00:46,1.391638994216919,12,10,3916,5751,326.3333333333333,575.1,6946.485432049611,15.808697579920496,0.06626852353413899,0.12446691551558534,0.0,0.42011213302612305,54,1354,439.40909090909093,0,"[1745608594.739791, 1745608595.052995, 1745608595.053316, 1745608595.315903, 1745608595.504887, 1745608595.505322, 1745608595.505417, 1745608595.510186, 1745608595.510186, 1745608595.930516, 1745608595.931824, 1745608595.932193]","[1745608595.052841, 1745608595.313508, 1745608595.504672, 1745608595.504672, 1745608595.50521, 1745608595.50521, 1745608595.930298, 1745608595.930298, 1745608596.13143, 1745608596.13143]","[0.3132040500640869, 0.0003211498260498047, 0.2625868320465088, 0.18898415565490723, 0.00043487548828125, 9.512901306152344e-05, 0.004768848419189453, 0.0, 0.4203300476074219, 0.0013079643249511719, 0.00036907196044921875]","[0.260667085647583, 0.1911640167236328, 0.0, 0.000537872314453125, 0.0, 0.42508816719055176, 0.0, 0.20113182067871094, 0.0]","[66, 153, 1334, 746, 1334, 1334, 157, 519, 54, 54]",12,3916,10,0.0,0.4203300476074219,0.10840019312771884,0.15081875063770261,1.1924021244049072,8.622925952683907,0.0,539.9435989064043
192.168.216.32-51755-192.168.216.153-53-6,192.168.216.32,51755,192.168.216.153,53,6,26-04-2025 00:46,0.27428221702575684,7,6,433,545,61.857142857142854,90.83333333333333,3565.670463820699,47.39643765814835,0.02285685141881307,0.048333167249798484,0.0,0.1743159294128418,54,262,75.23076923076923,0,"[1745608604.542302, 1745608604.548233, 1745608604.548464, 1745608604.5487, 1745608604.778816, 1745608604.781889, 1745608604.816584]","[1745608604.547933, 1745608604.5529, 1745608604.5529, 1745608604.727216, 1745608604.781494, 1745608604.816485]","[0.00593113899230957, 0.00023102760314941406, 0.00023603439331054688, 0.2301158905029297, 0.003072977066040039, 0.03469514846801758]","[0.0049669742584228516, 0.0, 0.1743159294128418, 0.054277896881103516, 0.03499102592468262]","[66, 54, 54, 55, 262, 54]",7,433,6,0.00023102760314941406,0.2301158905029297,0.04571370283762614,0.08333001791091064,0.27428221702575684,25.521158739002956,0.0,76.6690217029596
192.168.216.32-51756-192.168.216.153-53-6,192.168.216.32,51756,192.168.216.153,53,6,26-04-2025 00:46,0.2896289825439453,7,6,433,575,61.857142857142854,95.83333333333333,3480.3146810318144,44.88501076727538,0.024135748545328777,0.05676432810973518,0.0,0.20708203315734863,54,292,77.53846153846153,0,"[1745608604.543112, 1745608604.548329, 1745608604.548956, 1745608604.549023, 1745608604.809792, 1745608604.820153, 1745608604.832741]","[1745608604.547933, 1745608604.5529, 1745608604.5529, 1745608604.759982, 1745608604.819728, 1745608604.8326]","[0.005217075347900391, 0.0006268024444580078, 6.699562072753906e-05, 0.2607691287994385, 0.010360956192016602, 0.012588024139404297]","[0.0049669742584228516, 0.0, 0.20708203315734863, 0.05974578857421875, 0.01287221908569336]","[66, 54, 54, 55, 292, 54]",7,433,6,6.699562072753906e-05,0.2607691287994385,0.048271497090657554,0.09514299497460679,0.2896289825439453,24.168851951609824,0.0,87.83396584212487
192.168.216.32-51757-192.168.216.153-53-6,192.168.216.32,51757,192.168.216.153,53,6,26-04-2025 00:46,0.2644188404083252,7,6,435,535,62.142857142857146,89.16666666666667,3668.4224108315834,49.164424062691324,0.022034903367360432,0.030844957232271153,0.0,0.10651206970214844,54,252,74.61538461538461,0,"[1745608604.92019, 1745608604.9591, 1745608604.959191, 1745608604.959228, 1745608605.144934, 1745608605.180757, 1745608605.184609]","[1745608604.958864, 1745608604.998371, 1745608604.998371, 1745608605.104883, 1745608605.18033, 1745608605.184429]","[0.038909912109375, 9.107589721679688e-05, 3.695487976074219e-05, 0.18570590019226074, 0.03582310676574707, 0.0038518905639648438]","[0.03950691223144531, 0.0, 0.10651206970214844, 0.07544708251953125, 0.0040988922119140625]","[66, 54, 54, 55, 252, 54]",7,435,6,3.695487976074219e-05,0.18570590019226074,0.044069806734720864,0.06537828020134359,0.2644188404083252,26.47315141837225,0.0,72.94842165682697
192.168.216.32-51758-192.168.216.153-53-6,192.168.216.32,51758,192.168.216.153,53,6,26-04-2025 00:46,0.26400303840637207,7,6,435,489,62.142857142857146,81.5,3499.9597185609437,49.24185751222107,0.022000253200531006,0.029700457715919927,0.0,0.09972715377807617,54,206,71.07692307692308,0,"[1745608604.920532, 1745608604.959052, 1745608604.959273, 1745608604.959439, 1745608605.145127, 1745608605.181056, 1745608605.184535]","[1745608604.958864, 1745608604.998371, 1745608604.998371, 1745608605.098098, 1745608605.18033, 1745608605.184429]","[0.038520097732543945, 0.00022101402282714844, 0.0001659393310546875, 0.18568801879882812, 0.035928964614868164, 0.00347900390625]","[0.03950691223144531, 0.0, 0.09972715377807617, 0.08223199844360352, 0.0040988922119140625]","[66, 54, 54, 55, 206, 54]",7,435,6,0.0001659393310546875,0.18568801879882812,0.04400050640106201,0.0653843014071361,0.26400303840637207,26.514846352734423,0.0,55.844277534348436
20.250.119.64-443-192.168.216.32-51673-6,20.250.119.64,443,192.168.216.32,51673,6,26-04-2025 00:46,0.5402379035949707,6,5,387,382,64.5,76.4,1423.4469571326815,20.361399906969435,0.05402379035949707,0.07771511346416346,0.0,0.18332505226135254,54,110,69.9090909090909,0,"[1745608615.982527, 1745608615.982527, 1745608615.985168, 1745608616.168564, 1745608616.189661, 1745608616.522765]","[1745608615.982665, 1745608615.983007, 1745608615.983156, 1745608615.985239, 1745608616.351437]","[0.0, 0.002640962600708008, 0.1833961009979248, 0.02109694480895996, 0.33310389518737793]","[0.0003418922424316406, 0.00014901161193847656, 0.0020830631256103516, 0.3661980628967285]","[54, 110, 54, 54, 110]",6,387,5,0.0,0.33310389518737793,0.10804758071899415,0.13166092215827563,0.5402379035949707,11.106218131074238,0.00014901161193847656,27.434285119171594
192.168.216.32-62396-192.168.216.153-53-17,192.168.216.32,62396,192.168.216.153,53,17,26-04-2025 00:46,0.0832509994506836,2,2,184,433,92.0,216.5,7411.3224354201275,48.04747121828284,0.027750333150227863,0.03143127310860355,0.0011968612670898438,0.0718989372253418,92,218,154.25,0,"[1745608619.224489, 1745608619.296388]","[1745608619.306543, 1745608619.30774]",[0.0718989372253418],[0.0011968612670898438],"[215, 218]",2,184,2,0.0718989372253418,0.0718989372253418,0.0718989372253418,0.0,0.0718989372253418,24.02373560914142,0.0011968612670898438,1.5
192.168.216.32-51766-13.89.178.26-443-6,192.168.216.32,51766,13.89.178.26,443,6,26-04-2025 00:46,1.5524420738220215,13,10,5730,5750,440.7692307692308,575.0,7394.800871208619,14.815367599111346,0.07056554881009189,0.1316014525822866,0.0,0.3874690532684326,54,2614,499.1304347826087,0,"[1745608619.307642, 1745608619.585505, 1745608619.585887, 1745608619.86347, 1745608620.206421, 1745608620.206683, 1745608620.208709, 1745608620.208709, 1745608620.208709, 1745608620.208709, 1745608620.596494, 1745608620.596986, 1745608620.597087]","[1745608619.585367, 1745608619.862599, 1745608620.20634, 1745608620.206574, 1745608620.206574, 1745608620.596178, 1745608620.596178, 1745608620.596432, 1745608620.860084, 1745608620.860084]","[0.2778630256652832, 0.0003819465637207031, 0.27758312225341797, 0.34295082092285156, 0.0002620220184326172, 0.002026081085205078, 0.0, 0.0, 0.0, 0.3877849578857422, 0.000492095947265625, 0.00010085105895996094]","[0.27723193168640137, 0.34374117851257324, 0.0002338886260986328, 0.0, 0.3896040916442871, 0.0, 0.00025391578674316406, 0.26365208625793457, 0.0]","[66, 153, 2614, 1334, 745, 54, 157, 519, 54, 54]",13,5730,10,0.0,0.3877849578857422,0.10745374361673991,0.15375889610890228,1.289444923400879,8.373903425584674,0.0,786.883091697871
192.168.216.32-51767-192.168.216.153-53-6,192.168.216.32,51767,192.168.216.153,53,6,26-04-2025 00:46,0.22183799743652344,7,6,438,512,62.57142857142857,85.33333333333333,4282.40432648078,58.601322362368556,0.018486499786376953,0.026560731895822906,0.0,0.08844780921936035,54,229,73.07692307692308,0,"[1745608619.453173, 1745608619.486718, 1745608619.487185, 1745608619.487215, 1745608619.630767, 1745608619.66824, 1745608619.675011]","[1745608619.486522, 1745608619.496045, 1745608619.496045, 1745608619.584493, 1745608619.667744, 1745608619.674906]","[0.03354501724243164, 0.00046706199645996094, 3.0040740966796875e-05, 0.14355206489562988, 0.03747296333312988, 0.0067708492279052734]","[0.009523153305053711, 0.0, 0.08844780921936035, 0.0832509994506836, 0.0071620941162109375]","[66, 54, 54, 55, 229, 54]",7,438,6,3.0040740966796875e-05,0.14355206489562988,0.036972999572753906,0.04996787928716604,0.22183799743652344,31.554558195121533,0.0,64.39375401042834
192.168.216.32-51768-192.168.216.153-53-6,192.168.216.32,51768,192.168.216.153,53,6,26-04-2025 00:46,0.22348499298095703,7,6,438,471,62.57142857142857,78.5,4067.3872007032487,58.169453915448,0.018623749415079754,0.026506594752803807,6.198883056640625e-05,0.08900284767150879,54,188,69.92307692307692,0,"[1745608619.453727, 1745608619.486787, 1745608619.486958, 1745608619.48702, 1745608619.630872, 1745608619.66802, 1745608619.677212]","[1745608619.486522, 1745608619.496132, 1745608619.496364, 1745608619.585367, 1745608619.667744, 1745608619.677119]","[0.03306007385253906, 0.0001709461212158203, 6.198883056640625e-05, 0.14385199546813965, 0.03714799880981445, 0.00919198989868164]","[0.00960993766784668, 0.00023221969604492188, 0.08900284767150879, 0.08237695693969727, 0.00937509536743164]","[66, 54, 54, 55, 188, 54]",7,438,6,6.198883056640625e-05,0.14385199546813965,0.03724749883015951,0.04987752938907379,0.22348499298095703,31.32201364677969,0.00023221969604492188,49.15875642582238
192.168.216.32-51770-3.227.37.34-443-6,192.168.216.32,51770,3.227.37.34,443,6,26-04-2025 00:46,1.1847569942474365,19,22,8145,8357,428.6842105263158,379.8636363636364,13928.59470771232,34.606252758223555,0.02961892485618591,0.08952923428199003,0.0,0.3822751045227051,54,2614,402.4878048780488,0,"[1745608619.669189, 1745608619.938667, 1745608619.940188, 1745608619.940188, 1745608620.207035, 1745608620.207755, 1745608620.208585, 1745608620.2089, 1745608620.209194, 1745608620.209283, 1745608620.209355, 1745608620.209355, 1745608620.209472, 1745608620.209472, 1745608620.591844, 1745608620.591951, 1745608620.596119, 1745608620.596237, 1745608620.596864]","[1745608619.938456, 1745608620.206574, 1745608620.206574, 1745608620.206988, 1745608620.207394, 1745608620.207665, 1745608620.207665, 1745608620.591747, 1745608620.591747, 1745608620.591747, 1745608620.591922, 1745608620.591922, 1745608620.591922, 1745608620.591922, 1745608620.595795, 1745608620.595795, 1745608620.596025, 1745608620.596025, 1745608620.596178, 1745608620.853946, 1745608620.853946, 1745608620.853946]","[0.26947808265686035, 0.0015208721160888672, 0.0, 0.2668471336364746, 0.0007200241088867188, 0.0008299350738525391, 0.00031495094299316406, 0.00029397010803222656, 8.916854858398438e-05, 7.200241088867188e-05, 0.0, 0.00011682510375976562, 0.0, 0.3823721408843994, 0.0001068115234375, 0.004168033599853516, 0.00011801719665527344, 0.0006270408630371094]","[0.26811790466308594, 0.0, 0.00041413307189941406, 0.0004057884216308594, 0.00027108192443847656, 0.0, 0.3840820789337158, 0.0, 0.0, 0.00017499923706054688, 0.0, 0.0, 0.0, 0.0038728713989257812, 0.0, 0.0002300739288330078, 0.0, 0.00015306472778320312, 0.257767915725708, 0.0, 0.0]","[66, 54, 54, 2614, 1334, 1334, 970, 66, 66, 66, 74, 66, 66, 54, 54, 258, 132, 422, 421, 66, 54, 66]",19,8145,22,0.0,0.3823721408843994,0.05153750048743354,0.11600904092309015,0.9276750087738037,16.03704396112799,0.0,627.1401391493223
192.168.216.32-51771-3.227.37.34-443-6,192.168.216.32,51771,3.227.37.34,443,6,26-04-2025 00:46,0.6436119079589844,11,10,2546,6588,231.45454545454547,658.8,14191.782170354258,32.62835839472733,0.03218059539794922,0.09629259870333609,0.0,0.3604109287261963,54,1354,434.95238095238096,0,"[1745608619.930454, 1745608620.206668, 1745608620.207245, 1745608620.207245, 1745608620.208756, 1745608620.569519, 1745608620.569746, 1745608620.569766, 1745608620.573838, 1745608620.573878, 1745608620.574066]","[1745608620.206574, 1745608620.569167, 1745608620.569167, 1745608620.569167, 1745608620.569423, 1745608620.569715, 1745608620.569715, 1745608620.573775, 1745608620.573775, 1745608620.574036]","[0.2762138843536377, 0.0005772113800048828, 0.0, 0.0015108585357666016, 0.3607630729675293, 0.0002269744873046875, 2.002716064453125e-05, 0.004071950912475586, 4.00543212890625e-05, 0.00018787384033203125]","[0.3625929355621338, 0.0, 0.0, 0.0002560615539550781, 0.00029206275939941406, 0.0, 0.004060029983520508, 0.0, 0.0002608299255371094]","[66, 54, 54, 54, 1334, 1334, 1334, 1334, 970, 54]",11,2546,10,0.0,0.3607630729675293,0.06436119079589844,0.128467801954497,0.6436119079589844,17.0910448734286,0.0,611.1439764899922
192.168.216.32-51772-3.227.37.34-443-6,192.168.216.32,51772,3.227.37.34,443,6,26-04-2025 00:46,1.8962969779968262,7,6,2329,561,332.7142857142857,93.5,1524.0228896282283,6.855466285524902,0.1580247481664022,0.28318193311627676,0.0,1.0138888359069824,54,1354,222.30769230769232,0,"[1745608619.980914, 1745608620.994803, 1745608621.287452, 1745608621.288444, 1745608621.288444, 1745608621.578552, 1745608621.877211]","[1745608621.287308, 1745608621.577962, 1745608621.577962, 1745608621.57815, 1745608621.827921, 1745608621.827921]","[1.0138888359069824, 0.2926490306854248, 0.0009920597076416016, 0.0, 0.29010796546936035, 0.298659086227417]","[0.29065394401550293, 0.0, 0.0001881122589111328, 0.2497708797454834, 0.0]","[66, 54, 54, 210, 54, 123]",7,2329,6,0.0,1.0138888359069824,0.3160494963328044,0.33853881794708307,1.8962969779968262,3.6914049229749475,0.0,57.56083738098326
157.240.198.61-80-192.168.216.32-50148-6,157.240.198.61,80,192.168.216.32,50148,6,26-04-2025 00:47,0.04691505432128906,1,1,106,54,106.0,54.0,3410.419156807741,42.63023946009676,0.04691505432128906,0.0,0.04691505432128906,0.04691505432128906,54,106,80.0,0,[1745608621.198356],[1745608621.245271],[],[],[54],1,106,1,0.0,0.0,0.0,0.0,0.0,21.31511973004838,0.0,0.0
